"Status","Start Time","Stop Time","Duration in ms","Parent Suite","Suite","Sub Suite","Test Class","Test Method","Name","Description"
"passed","Fri Sep 22 13:41:37 IST 2023","Fri Sep 22 13:42:10 IST 2023","33222","","Test_09_MemberManagement","TestMemberManagement","","","test_02_create_new_member_1___UserTest_121____Store_Manager____user_testAuto121___9800000057___Siliguri____Test_123__","Verify Create New User."
"passed","Fri Sep 22 14:17:56 IST 2023","Fri Sep 22 14:18:20 IST 2023","24117","","Test_12_ProductCategory","TestProductCategory","","","test_04_add_product_subcategory_1___Product_Cat_edit_19____E___POM_for_Bottle__webapp_automation_automation__TestData__ProductCategory__SampleImage__sampel_leather_1_jpg____Product_Sub_category_19__","To verify Add new Product Sub-Category. "
"passed","Fri Sep 22 14:14:58 IST 2023","Fri Sep 22 14:15:14 IST 2023","15838","","Test_12_ProductCategory","TestProductCategory","","","test_02_add_new_product_category_4___E___POM_for_Bottle__webapp_automation_automation__TestData__ProductCategory__SampleImage__sampel_leather_1_jpg____Product_Cat_22__","To verify Add new Product Category. "
"passed","Fri Sep 22 12:53:30 IST 2023","Fri Sep 22 12:54:11 IST 2023","40954","","Test_06_Inventory","TestInventory","","","test_04_search_item_2___frugal_latido_com_np____Test_123____Zipper_003__","Searching the Items from the search and adding a new Item to it"
"passed","Fri Sep 22 13:32:43 IST 2023","Fri Sep 22 13:33:36 IST 2023","53099","","Test_08_Reporting","TestReporting","","","test_02_new_entry_2__0___Zipper_003____ZP_IT_003____AKM_Leather___2000___2023_09_22___10___Good____By_Truck____By_Cash____Rohit____E___POM_for_Bottle__webapp_automation__TestData__InventoryData__Image__Receipt_png__","Check for View more Details"
"passed","Fri Sep 22 13:48:37 IST 2023","Fri Sep 22 13:49:23 IST 2023","46008","","Test_09_MemberManagement","TestMemberManagement","","","test_04_reset_password_1___TestUser_100____Store_Manager____userPass_auto100___9800000035___Siliguri____Test_123____Changed_123__","Reset Password a user password after creation."
"passed","Fri Sep 22 12:03:02 IST 2023","Fri Sep 22 12:04:01 IST 2023","58585","","Test_03_Order","TestOrder","","","test_03_create_order_store_4___frugal_latido_com_np____Test_123____Luigi__male_____Pink_Foil____41____Golden_Antique____Black____Yes____40____Comfort___8__7___33___11__5__9__12__46___6___5_6___Test_002___20000__1000___101011__","Create a New Order for store"
"passed","Fri Sep 22 14:20:16 IST 2023","Fri Sep 22 14:20:39 IST 2023","23334","","Test_12_ProductCategory","TestProductCategory","","","test_04_add_product_subcategory_6___Product_Cat_edit_24____E___POM_for_Bottle__webapp_automation_automation__TestData__ProductCategory__SampleImage__sampel_leather_3_jpg____Product_Sub_category_24__","To verify Add new Product Sub-Category. "
"passed","Fri Sep 22 13:11:34 IST 2023","Fri Sep 22 13:12:28 IST 2023","54370","","Test_07_Vendor","TestVendors","","","test_03_edit_vendor_4___frugal_latido_com_np____Test_123____E___POM_for_Bottle__webapp_automation__TestData__Vendor__Sample_Data_From_Bottle_Testing__Vendor__vendor1_jpg____AT_EDT_144____Auto_Vendor_edit_144____vendor1_mail_com___9800001024___Auomator4____Siliguri____This_is_an_Automated_generated_descriptions____Tester_4____Siliguri___9800002013___test_mail_com____Auto_Vendor_edited__04____vendor_edit01_mail_com___9800000203_","Editing a Vendor details"
"passed","Fri Sep 22 13:18:03 IST 2023","Fri Sep 22 13:19:09 IST 2023","65891","","Test_07_Vendor","TestVendors","","","test_05_sync_vendor_2___frugal_latido_com_np____Test_123____E___POM_for_Bottle__webapp_automation__TestData__Vendor__Sample_Data_From_Bottle_Testing__Vendor__vendor2_jpg____TE_VE_IN_126____Del_Vendor_126____vendor1_mail_com___9800001021___Auomator2____Siliguri____This_is_an_Automated_generated_descriptions____Tester_2____Siliguri___9800002011___test_mail_com___0___Zipper_003____ZP_IT_003___2001___2023_05_20___10___Excellent____By_Truck____By_Cash____Rohit____E___POM_for_Bottle__webapp_automation__TestData__InventoryData__Image__Receipt_png__","Checking Synchronization of a Vendor after creating a new one "
"broken","Fri Sep 22 13:07:04 IST 2023","Fri Sep 22 13:08:05 IST 2023","60870","","Test_07_Vendor","TestVendors","","","test_02_vendor_creation_4___frugal_latido_com_np____Test_123____E___POM_for_Bottle__webapp_automation__TestData__Vendor__Sample_Data_From_Bottle_Testing__Vendor__vendor1_jpg____AT_134____Auto_Vendor_134____vendor1_mail_com___9800001028___Auomator4____Siliguri____This_is_an_Automated_generated_descriptions____Tester_4____Siliguri___9800002013___test_mail_com__","Adding a new Vendor"
"passed","Fri Sep 22 12:04:03 IST 2023","Fri Sep 22 12:04:56 IST 2023","53177","","Test_03_Order","TestOrder","","","test_03_create_order_store_5___frugal_latido_com_np____Test_123____Luigi__male_____Mahogany_Antique____41____Golden_Antique____Black____Yes____40____Comfort___8__7___34___11__5__9__12__46___7___5_6___Test_003___20000__1000___101012__","Create a New Order for store"
"passed","Fri Sep 22 12:35:57 IST 2023","Fri Sep 22 12:36:41 IST 2023","43351","","Test_06_Inventory","TestInventory","","","test_02_Add_newCategory_item_1___frugal_latido_com_np____Test_123____Leather_Sheet_03____LT_SH_003____IT_LT_00_03____IT_AT_LT_00_03____Auto_Testing__01____Black____Performing_this_using_automation_scripts____30__50__1___E___POM_for_Bottle__webapp_automation__TestData__InventoryData__Image__Leather_sheet_jpg____E___POM_for_Bottle__webapp_automation__TestData__InventoryData__Image__3D_LeatherImage_jpg____Frugal_Automation____50_","Selecting a new Category from Category Carousel "
"passed","Fri Sep 22 12:35:07 IST 2023","Fri Sep 22 12:35:30 IST 2023","23454","","Test_06_Inventory","TestInventory","","","test_01_Add_newCategory_5___frugal_latido_com_np____Test_123____E___POM_for_Bottle__webapp_automation__TestData__InventoryData__Image__Buttons_jpg____Button_003____BT_IT_003____This_is_from_an_automated_Script__04____0___Meter__","Create a new Category from Add button "
"passed","Fri Sep 22 11:59:15 IST 2023","Fri Sep 22 12:00:21 IST 2023","65856","","Test_03_Order","TestOrder","","","test_02_create_new_user_order_5___frugal_latido_com_np____Test_123___9881012181___abced_Test_181____testuser281_mail_com____2023_05_29____Siliguri____female____Exemplar__male_____Bronze_Mist_Antique____42____Golden_Antique____Black____Yes____40___5_6__4_4__5__46__8__12__11__7__1__9___Skin_Tight____Test_002____2023_09_29___100900_","Create an Order for new Customer "
"passed","Fri Sep 22 12:33:49 IST 2023","Fri Sep 22 12:34:10 IST 2023","21448","","Test_06_Inventory","TestInventory","","","test_01_Add_newCategory_2___frugal_latido_com_np____Test_123____E___POM_for_Bottle__webapp_automation__TestData__InventoryData__Image__Zipper_jpg____Zipper_003____ZP_IT_003____This_is_from_an_automated_Script__01____0___Box__","Create a new Category from Add button "
"passed","Fri Sep 22 13:34:31 IST 2023","Fri Sep 22 13:35:23 IST 2023","51821","","Test_08_Reporting","TestReporting","","","test_02_new_entry_4__0___Metal_Buckle_003____MB_IT_003____Tamang_Suppliers___2000___2023_09_22___10___Excellent____By_Truck____By_Cash____Rohit____E___POM_for_Bottle__webapp_automation__TestData__InventoryData__Image__Receipt_png__","Check for View more Details"
"passed","Fri Sep 22 14:19:18 IST 2023","Fri Sep 22 14:19:42 IST 2023","23795","","Test_12_ProductCategory","TestProductCategory","","","test_04_add_product_subcategory_4___Product_Cat_edit_22____E___POM_for_Bottle__webapp_automation_automation__TestData__ProductCategory__SampleImage__sampel_leather_1_jpg____Product_Sub_category_22__","To verify Add new Product Sub-Category. "
"passed","Fri Sep 22 10:10:36 IST 2023","Fri Sep 22 10:11:00 IST 2023","23274","","Test_02_Dashboard","TestDashboard","","","test_dashboard_06_inactive_user","Checking Inactive User Tiles"
"passed","Fri Sep 22 13:55:54 IST 2023","Fri Sep 22 13:56:48 IST 2023","53456","","Test_09_MemberManagement","TestMemberManagement","","","test_05_login_newMember_5___UserTest_113____Order_Manager____user_logintest_auto113___9800000049___Siliguri____Test_123__","Check Loging after creating an user."
"passed","Fri Sep 22 14:19:44 IST 2023","Fri Sep 22 14:20:13 IST 2023","29678","","Test_12_ProductCategory","TestProductCategory","","","test_04_add_product_subcategory_5___Product_Cat_edit_23____E___POM_for_Bottle__webapp_automation_automation__TestData__ProductCategory__SampleImage__sampel_leather_2_jpg____Product_Sub_category_23__","To verify Add new Product Sub-Category. "
"passed","Fri Sep 22 13:10:39 IST 2023","Fri Sep 22 13:11:31 IST 2023","52486","","Test_07_Vendor","TestVendors","","","test_03_edit_vendor_3___frugal_latido_com_np____Test_123____E___POM_for_Bottle__webapp_automation__TestData__Vendor__Sample_Data_From_Bottle_Testing__Vendor__vendor3_jpg____AT_EDT_143____Auto_Vendor_edit_143____vendor1_mail_com___9800001023___Auomator3____Siliguri____This_is_an_Automated_generated_descriptions____Tester_3____Siliguri___9800002012___test_mail_com____Auto_Vendor_edited__03____vendor_edit01_mail_com___9800000202_","Editing a Vendor details"
"passed","Fri Sep 22 12:55:00 IST 2023","Fri Sep 22 12:55:39 IST 2023","39102","","Test_06_Inventory","TestInventory","","","test_04_search_item_4___frugal_latido_com_np____Test_123____Metal_Buckle_003__","Searching the Items from the search and adding a new Item to it"
"passed","Fri Sep 22 12:17:59 IST 2023","Fri Sep 22 12:18:26 IST 2023","27430","","Test_03_Order","TestOrder","","","test_06_Search_functionality_4___frugal_latido_com_np____Test_123____222____Luigi__male_____Pink_Foil____Golden_Antique____Black____Yes__","Search and verify item"
"passed","Fri Sep 22 11:58:09 IST 2023","Fri Sep 22 11:59:13 IST 2023","64585","","Test_03_Order","TestOrder","","","test_02_create_new_user_order_4___frugal_latido_com_np____Test_123___9881012180___abced_Test_180____testuser280_mail_com____2023_05_29____Siliguri____female____Exemplar__male_____Bronze_Mist_Antique____42____Golden_Antique____Black____Yes____40___5_6__4_4__5__46__8__12__11__7__1__9___Skin_Tight____Test_002____2023_09_29___100900_","Create an Order for new Customer "
"passed","Fri Sep 22 14:17:31 IST 2023","Fri Sep 22 14:17:53 IST 2023","22200","","Test_12_ProductCategory","TestProductCategory","","","test_03_edit_product_category_6___Product_Cat_24____Product_Cat_edit_24__","To verify edit Product Category. "
"passed","Fri Sep 22 13:05:42 IST 2023","Fri Sep 22 13:06:20 IST 2023","38348","","Test_07_Vendor","TestVendors","","","test_02_vendor_creation_2___frugal_latido_com_np____Test_123____E___POM_for_Bottle__webapp_automation__TestData__Vendor__Sample_Data_From_Bottle_Testing__Vendor__vendor2_jpg____AT_132____Auto_Vendor_132____vendor1_mail_com___9800001026___Auomator2____Siliguri____This_is_an_Automated_generated_descriptions____Tester_2____Siliguri___9800002011___test_mail_com__","Adding a new Vendor"
"passed","Fri Sep 22 14:14:42 IST 2023","Fri Sep 22 14:14:56 IST 2023","13770","","Test_12_ProductCategory","TestProductCategory","","","test_02_add_new_product_category_3___E___POM_for_Bottle__webapp_automation_automation__TestData__ProductCategory__SampleImage__sampel_leather_3_jpg____Product_Cat_21__","To verify Add new Product Category. "
"passed","Fri Sep 22 14:06:17 IST 2023","Fri Sep 22 14:07:28 IST 2023","70761","","Test_11_LeatherManagement","TestLeatherManagement","","","test_02_add_new_Leather_4___E___POM_for_Bottle__webapp_automation__TestData__InventoryData__Image__Leather_sheet_jpg____Leather_Management_30____LT_MG_30____This_is_from_an_automated_Script___for_Leather___25___1__None___T0_LT_MG_30____AT_LT_MG_30____Auto_Testing__30____Black____Performing_this_using_automation_scripts____1__1__1___E___POM_for_Bottle__webapp_automation__TestData__InventoryData__Image__Leather_sheet_jpg____E___POM_for_Bottle__webapp_automation__TestData__InventoryData__Image__3D_LeatherImage_jpg____Frugal_Automation____50___Best____clean____Liquid____New_Type_Hide____cold_Touch__","Adding a new Leather into the List. "
"passed","Fri Sep 22 12:16:52 IST 2023","Fri Sep 22 12:17:24 IST 2023","32142","","Test_03_Order","TestOrder","","","test_06_Search_functionality_2___frugal_latido_com_np____Test_123____220____Exemplar__male_____Bronze_Mist_Antique____Golden_Antique____Black____Yes__","Search and verify item"
"passed","Fri Sep 22 13:08:06 IST 2023","Fri Sep 22 13:08:45 IST 2023","39733","","Test_07_Vendor","TestVendors","","","test_02_vendor_creation_5___frugal_latido_com_np____Test_123____E___POM_for_Bottle__webapp_automation__TestData__Vendor__Sample_Data_From_Bottle_Testing__Vendor__vendor2_jpg____AT_135____Auto_Vendor_135____vendor1_mail_com___9800001029___Auomator5____Siliguri____This_is_an_Automated_generated_descriptions____Tester_5____Siliguri___9800002014___test_mail_com__","Adding a new Vendor"
"passed","Fri Sep 22 14:21:38 IST 2023","Fri Sep 22 14:22:07 IST 2023","28927","","Test_12_ProductCategory","TestProductCategory","","","test_05_edit_product_subcategory_3___Product_Cat_edit_21____Product_Sub_category_21____Sub_category__Edit__21__","To verify edit Product Sub-category. "
"passed","Fri Sep 22 10:00:34 IST 2023","Fri Sep 22 10:00:43 IST 2023","9242","","Test_01_Login","TestLogin","","","test_login_with_empty_userid_fields_2__None___Test_1823__","Login With Incorrect Username"
"passed","Fri Sep 22 14:02:23 IST 2023","Fri Sep 22 14:02:39 IST 2023","15605","","Test_11_LeatherManagement","TestLeatherManagement","","","test_01_verify_leatherManagement_page","To verify Leather Management page. "
"passed","Fri Sep 22 13:16:06 IST 2023","Fri Sep 22 13:16:48 IST 2023","42578","","Test_07_Vendor","TestVendors","","","test_04_delete_vendor_5___frugal_latido_com_np____Test_123____E___POM_for_Bottle__webapp_automation__TestData__Vendor__Sample_Data_From_Bottle_Testing__Vendor__vendor2_jpg____AT_DEL_169____Delete_Vendor_169____vendor1_mail_com___9800001024___Auomator5____Siliguri____This_is_an_Automated_generated_descriptions____Tester_5____Siliguri___9800002014___test_mail_com__","Deleting a Vendor"
"passed","Fri Sep 22 12:09:30 IST 2023","Fri Sep 22 12:10:37 IST 2023","67689","","Test_03_Order","TestOrder","","","test_04_check_order_synchronization_for_Customer_5___frugal_latido_com_np____Test_123____9813000000____female____Luigi__male_____Mahogany_Antique____41____Golden_Antique____Black____Yes____40___5_6__4_4__5__46__8__12__11__7__1__9___Comfort____Test_004____2023_09_29___100900_","Checking Order synchronization after creating a new customer order "
"passed","Fri Sep 22 10:07:38 IST 2023","Fri Sep 22 10:08:23 IST 2023","44643","","Test_02_Dashboard","TestDashboard","","","test_dashboard_01_totalUser","Checking Total User Tiles"
"passed","Fri Sep 22 14:09:54 IST 2023","Fri Sep 22 14:10:10 IST 2023","15516","","Test_11_LeatherManagement","TestLeatherManagement","","","test_03_check_synchronization_5___LT_MG_31____Best____clean____Liquid____New_Type_Hide____cold_Touch__","verification of newly created Leather into the List. "
"passed","Fri Sep 22 13:44:01 IST 2023","Fri Sep 22 13:44:33 IST 2023","31097","","Test_09_MemberManagement","TestMemberManagement","","","test_02_create_new_member_5___UserTest_125____Order_Manager____user_testAuto125___9800000061___Siliguri____Test_123__","Verify Create New User."
"passed","Fri Sep 22 13:05:00 IST 2023","Fri Sep 22 13:05:39 IST 2023","39810","","Test_07_Vendor","TestVendors","","","test_02_vendor_creation_1___frugal_latido_com_np____Test_123____E___POM_for_Bottle__webapp_automation__TestData__Vendor__Sample_Data_From_Bottle_Testing__Vendor__vendor1_jpg____AT_131____Auto_Vendor_131____vendor1_mail_com___9800001025___Auomator1____Siliguri____This_is_an_Automated_generated_descriptions____Tester_1____Siliguri___9800002010___test_mail_com__","Adding a new Vendor"
"passed","Fri Sep 22 09:54:24 IST 2023","Fri Sep 22 09:54:50 IST 2023","26912","","Test_01_Login","TestLogin","","","test_LoginSuccessful_1___frugal_latido_com_np____Test_123__","Login Successfully"
"passed","Fri Sep 22 14:23:26 IST 2023","Fri Sep 22 14:23:52 IST 2023","25851","","Test_12_ProductCategory","TestProductCategory","","","test_05_edit_product_subcategory_6___Product_Cat_edit_24____Product_Sub_category_24____Sub_category__Edit__24__","To verify edit Product Sub-category. "
"passed","Fri Sep 22 14:16:13 IST 2023","Fri Sep 22 14:16:36 IST 2023","22893","","Test_12_ProductCategory","TestProductCategory","","","test_03_edit_product_category_2___Product_Cat_20____Product_Cat_edit_20__","To verify edit Product Category. "
"passed","Fri Sep 22 11:57:01 IST 2023","Fri Sep 22 11:58:06 IST 2023","65440","","Test_03_Order","TestOrder","","","test_02_create_new_user_order_3___frugal_latido_com_np____Test_123___9881012179___abced_Test_179____testuser279_mail_com____2023_05_29____Siliguri____male____Ek__male_____Black_Sheep____38____Silver____Black____No____40___5_6__4_4__5__46__8__12__11__7__1__9___Fit____Test_001____2023_09_29___100900_","Create an Order for new Customer "
"passed","Fri Sep 22 14:09:36 IST 2023","Fri Sep 22 14:09:52 IST 2023","16462","","Test_11_LeatherManagement","TestLeatherManagement","","","test_03_check_synchronization_4___LT_MG_30____Best____clean____Liquid____New_Type_Hide____cold_Touch__","verification of newly created Leather into the List. "
"passed","Fri Sep 22 12:25:00 IST 2023","Fri Sep 22 12:25:20 IST 2023","20312","","Test_04_TrackOrder","TestTrackOrder","","","test_check_input_4__22__False_","Checking Input in Track Order"
"passed","Fri Sep 22 10:10:10 IST 2023","Fri Sep 22 10:10:34 IST 2023","24482","","Test_02_Dashboard","TestDashboard","","","test_dashboard_05_active_user","Checking Active User Tiles"
"passed","Fri Sep 22 13:21:24 IST 2023","Fri Sep 22 13:22:35 IST 2023","70165","","Test_07_Vendor","TestVendors","","","test_05_sync_vendor_5___frugal_latido_com_np____Test_123____E___POM_for_Bottle__webapp_automation__TestData__Vendor__Sample_Data_From_Bottle_Testing__Vendor__vendor2_jpg____TE_VE_IN_129____Del_Vendor_129____vendor1_mail_com___9800001024___Auomator5____Siliguri____This_is_an_Automated_generated_descriptions____Tester_5____Siliguri___9800002014___test_mail_com___0___Button_003____BT_IT_003___2004___2023_05_23___10___Excellent____By_Truck____By_Cheque____Rohit____E___POM_for_Bottle__webapp_automation__TestData__InventoryData__Image__Receipt_png__","Checking Synchronization of a Vendor after creating a new one "
"passed","Fri Sep 22 09:54:51 IST 2023","Fri Sep 22 09:55:14 IST 2023","23282","","Test_01_Login","TestLogin","","","test_LoginSuccessful_2___frugal_latido_com_np____Test_123__","Login Successfully"
"passed","Fri Sep 22 11:54:47 IST 2023","Fri Sep 22 11:55:52 IST 2023","65152","","Test_03_Order","TestOrder","","","test_02_create_new_user_order_1___frugal_latido_com_np____Test_123___9881012177___abced_Test_177____testuser277_mail_com____2023_05_29____Siliguri____male____Ek__male_____Black_Sheep____38____Silver____Black____No____40___5_6__4_4__5__46__8__12__11__7__1__9___Fit____Test_001____2023_09_29___100900_","Create an Order for new Customer "
"passed","Fri Sep 22 11:52:53 IST 2023","Fri Sep 22 11:53:50 IST 2023","56610","","Test_03_Order","TestOrder","","","test_01_create_order_customer_4___frugal_latido_com_np____Test_123____9813000000____male____Luigi__male_____Pink_Foil____41____Golden_Antique____Black____Yes____40___5_6__4_4__5__46__8__12__11__7__1__9___Comfort____Test_004____2023_09_29___100900_","Create an Order for existing Customer "
"passed","Fri Sep 22 14:17:03 IST 2023","Fri Sep 22 14:17:25 IST 2023","21893","","Test_12_ProductCategory","TestProductCategory","","","test_03_edit_product_category_4___Product_Cat_22____Product_Cat_edit_22__","To verify edit Product Category. "
"passed","Fri Sep 22 13:41:11 IST 2023","Fri Sep 22 13:41:37 IST 2023","25710","","Test_09_MemberManagement","TestMemberManagement","","","test_01_Landing_memberManagement","Verify Landing Page."
"passed","Fri Sep 22 11:51:58 IST 2023","Fri Sep 22 11:52:51 IST 2023","52631","","Test_03_Order","TestOrder","","","test_01_create_order_customer_3___frugal_latido_com_np____Test_123____9860838856____female____Lucha__male_____Mahogany_Antique____40____Silver____Black____No____40___5_6__4_4__5__46__8__12__11__7__1__9___General_Fit____Test_003____2023_09_29___100900_","Create an Order for existing Customer "
"passed","Fri Sep 22 13:52:31 IST 2023","Fri Sep 22 13:53:21 IST 2023","50625","","Test_09_MemberManagement","TestMemberManagement","","","test_05_login_newMember_1___UserTest_109____Store_Manager____user_logintest_auto109___9800000045___Siliguri____Test_123__","Check Loging after creating an user."
"passed","Fri Sep 22 13:15:31 IST 2023","Fri Sep 22 13:16:03 IST 2023","32597","","Test_07_Vendor","TestVendors","","","test_04_delete_vendor_4___frugal_latido_com_np____Test_123____E___POM_for_Bottle__webapp_automation__TestData__Vendor__Sample_Data_From_Bottle_Testing__Vendor__vendor1_jpg____AT_DEL_168____Delete_Vendor_168____vendor1_mail_com___9800001023___Auomator4____Siliguri____This_is_an_Automated_generated_descriptions____Tester_4____Siliguri___9800002013___test_mail_com__","Deleting a Vendor"
"passed","Fri Sep 22 14:03:51 IST 2023","Fri Sep 22 14:05:02 IST 2023","71139","","Test_11_LeatherManagement","TestLeatherManagement","","","test_02_add_new_Leather_2___E___POM_for_Bottle__webapp_automation__TestData__InventoryData__Image__Leather_sheet_jpg____Leather_Management_28____LT_MG_28____This_is_from_an_automated_Script___for_Leather___23___1__None___T0_LT_MG_28____AT_LT_MG_28____Auto_Testing__28____Black____Performing_this_using_automation_scripts____1__1__1___E___POM_for_Bottle__webapp_automation__TestData__InventoryData__Image__Leather_sheet_jpg____E___POM_for_Bottle__webapp_automation__TestData__InventoryData__Image__3D_LeatherImage_jpg____Frugal_Automation____50___good____Smooth____NewTest_add____New_Pasoori____Smooth___Touch__","Adding a new Leather into the List. "
"passed","Fri Sep 22 13:56:50 IST 2023","Fri Sep 22 13:57:39 IST 2023","48435","","Test_09_MemberManagement","TestMemberManagement","","","test_05_login_newMember_6___UserTest_114____Karigar____user_logintest_auto114___9800000050___Siliguri____Test_123__","Check Loging after creating an user."
"passed","Fri Sep 22 14:22:09 IST 2023","Fri Sep 22 14:22:36 IST 2023","26401","","Test_12_ProductCategory","TestProductCategory","","","test_05_edit_product_subcategory_4___Product_Cat_edit_22____Product_Sub_category_22____Sub_category__Edit__22__","To verify edit Product Sub-category. "
"passed","Fri Sep 22 13:50:12 IST 2023","Fri Sep 22 13:50:59 IST 2023","46469","","Test_09_MemberManagement","TestMemberManagement","","","test_04_reset_password_3___TestUser_102____Factory_Manager____userPass_auto102___9800000037___Siliguri____Test_123____Changed_123__","Reset Password a user password after creation."
"passed","Fri Sep 22 12:25:22 IST 2023","Fri Sep 22 12:25:43 IST 2023","21278","","Test_04_TrackOrder","TestTrackOrder","","","test_check_input_5__332__True_","Checking Input in Track Order"
"passed","Fri Sep 22 12:04:58 IST 2023","Fri Sep 22 12:06:02 IST 2023","63964","","Test_03_Order","TestOrder","","","test_04_check_order_synchronization_for_Customer_1___frugal_latido_com_np____Test_123____9860838855____female____Ek__male_____Black_Sheep____38____Silver____Black____No____40___5_6__4_4__5__46__8__12__11__7__1__9___Fit____Test_001____2023_09_29___100900_","Checking Order synchronization after creating a new customer order "
"passed","Fri Sep 22 09:56:23 IST 2023","Fri Sep 22 09:56:38 IST 2023","14424","","Test_01_Login","TestLogin","","","test_LoginUnsuccessful_2___frugal_latido_com_np____Test_1823__","Login Unsuccessfully"
"passed","Fri Sep 22 11:51:03 IST 2023","Fri Sep 22 11:51:56 IST 2023","53109","","Test_03_Order","TestOrder","","","test_01_create_order_customer_2___frugal_latido_com_np____Test_123____9813670780____male____Exemplar__male_____Bronze_Mist_Antique____42____Golden_Antique____Black____Yes____40___5_6__4_4__5__46__8__12__11__7__1__9___Skin_Tight____Test_002____2023_09_29___100900_","Create an Order for existing Customer "
"passed","Fri Sep 22 13:49:25 IST 2023","Fri Sep 22 13:50:10 IST 2023","45397","","Test_09_MemberManagement","TestMemberManagement","","","test_04_reset_password_2___TestUser_101____Product_Manager____userPass_auto101___9800000036___Siliguri____Test_123____Changed_123__","Reset Password a user password after creation."
"passed","Fri Sep 22 12:35:32 IST 2023","Fri Sep 22 12:35:55 IST 2023","22858","","Test_06_Inventory","TestInventory","","","test_01_Add_newCategory_6___frugal_latido_com_np____Test_123____E___POM_for_Bottle__webapp_automation__TestData__InventoryData__Image__D_Buckle_jpg____D_Buckle_003____DB_IT_003____This_is_from_an_automated_Script__05____0___Piece__","Create a new Category from Add button "
"passed","Fri Sep 22 11:55:55 IST 2023","Fri Sep 22 11:56:59 IST 2023","64108","","Test_03_Order","TestOrder","","","test_02_create_new_user_order_2___frugal_latido_com_np____Test_123___9881012178___abced_Test_178____testuser278_mail_com____2023_05_29____Siliguri____female____Exemplar__male_____Bronze_Mist_Antique____42____Golden_Antique____Black____Yes____40___5_6__4_4__5__46__8__12__11__7__1__9___Skin_Tight____Test_002____2023_09_29___100900_","Create an Order for new Customer "
"broken","Fri Sep 22 14:17:27 IST 2023","Fri Sep 22 14:17:31 IST 2023","3628","","Test_12_ProductCategory","TestProductCategory","","","test_03_edit_product_category_5___Product_Cat_23____Product_Cat_edit_23__","To verify edit Product Category. "
"passed","Fri Sep 22 13:42:47 IST 2023","Fri Sep 22 13:43:21 IST 2023","33832","","Test_09_MemberManagement","TestMemberManagement","","","test_02_create_new_member_3___UserTest_123____Factory_Manager____user_testAuto123___9800000059___Siliguri____Test_123__","Verify Create New User."
"passed","Fri Sep 22 12:24:20 IST 2023","Fri Sep 22 12:24:38 IST 2023","17998","","Test_04_TrackOrder","TestTrackOrder","","","test_check_input_2__233__True_","Checking Input in Track Order"
"passed","Fri Sep 22 12:14:08 IST 2023","Fri Sep 22 12:15:12 IST 2023","63482","","Test_03_Order","TestOrder","","","test_05_check_order_synchronization_for_Store_4___frugal_latido_com_np____Test_123____Luigi__male_____Pink_Foil____41____Golden_Antique____Black____Yes____40____Comfort___8__7___33___11__5__9__12__46___6___5_6___Test_002___20000__1000___101011__","Checking Order synchronization after creating a New Order for store"
"passed","Fri Sep 22 10:08:23 IST 2023","Fri Sep 22 10:09:10 IST 2023","47126","","Test_02_Dashboard","TestDashboard","","","test_dashboard_02_totalOrder","Checking Total Order Tiles"
"passed","Fri Sep 22 12:07:11 IST 2023","Fri Sep 22 12:08:16 IST 2023","64821","","Test_03_Order","TestOrder","","","test_04_check_order_synchronization_for_Customer_3___frugal_latido_com_np____Test_123____9860838856____female____Lucha__male_____Mahogany_Antique____40____Silver____Black____No____40___5_6__4_4__5__46__8__12__11__7__1__9___General_Fit____Test_003____2023_09_29___100900_","Checking Order synchronization after creating a new customer order "
"passed","Fri Sep 22 13:51:43 IST 2023","Fri Sep 22 13:52:28 IST 2023","45510","","Test_09_MemberManagement","TestMemberManagement","","","test_04_reset_password_5___TestUser_104____Order_Manager____userPass_auto104___9800000039___Siliguri____Test_123____Changed_123__","Reset Password a user password after creation."
"passed","Fri Sep 22 12:55:41 IST 2023","Fri Sep 22 12:56:22 IST 2023","40786","","Test_06_Inventory","TestInventory","","","test_04_search_item_5___frugal_latido_com_np____Test_123____Button_003__","Searching the Items from the search and adding a new Item to it"
"passed","Fri Sep 22 09:57:47 IST 2023","Fri Sep 22 09:58:06 IST 2023","19558","","Test_01_Login","TestLogin","","","test_login_Unsuccessful_with_invalid_username_2___f_rugal_latido_com_np____Test_1823__","Login With Invalid Username"
"passed","Fri Sep 22 14:15:50 IST 2023","Fri Sep 22 14:16:11 IST 2023","21008","","Test_12_ProductCategory","TestProductCategory","","","test_03_edit_product_category_1___Product_Cat_19____Product_Cat_edit_19__","To verify edit Product Category. "
"passed","Fri Sep 22 14:14:05 IST 2023","Fri Sep 22 14:14:21 IST 2023","15723","","Test_12_ProductCategory","TestProductCategory","","","test_02_add_new_product_category_1___E___POM_for_Bottle__webapp_automation_automation__TestData__ProductCategory__SampleImage__sampel_leather_1_jpg____Product_Cat_19__","To verify Add new Product Category. "
"passed","Fri Sep 22 09:59:11 IST 2023","Fri Sep 22 09:59:30 IST 2023","19401","","Test_01_Login","TestLogin","","","test_login_with_empty_password_fields_2___frugal_latido_com_np_______","Login With Incorrect Username"
"passed","Fri Sep 22 14:08:42 IST 2023","Fri Sep 22 14:08:59 IST 2023","17448","","Test_11_LeatherManagement","TestLeatherManagement","","","test_03_check_synchronization_1___LT_MG_27____Best____clean____Liquid____New_Type_Hide____cold_Touch__","verification of newly created Leather into the List. "
"passed","Fri Sep 22 12:06:04 IST 2023","Fri Sep 22 12:07:09 IST 2023","64810","","Test_03_Order","TestOrder","","","test_04_check_order_synchronization_for_Customer_2___frugal_latido_com_np____Test_123____9813670780____male____Exemplar__male_____Bronze_Mist_Antique____42____Golden_Antique____Black____Yes____40___5_6__4_4__5__46__8__12__11__7__1__9___Skin_Tight____Test_002____2023_09_29___100900_","Checking Order synchronization after creating a new customer order "
"passed","Fri Sep 22 14:02:39 IST 2023","Fri Sep 22 14:03:49 IST 2023","69889","","Test_11_LeatherManagement","TestLeatherManagement","","","test_02_add_new_Leather_1___E___POM_for_Bottle__webapp_automation__TestData__InventoryData__Image__Leather_sheet_jpg____Leather_Management_27____LT_MG_27____This_is_from_an_automated_Script___for_Leather___22___1__None___T0_LT_MG_27____AT_LT_MG_27____Auto_Testing__27____Black____Performing_this_using_automation_scripts____1__1__1___E___POM_for_Bottle__webapp_automation__TestData__InventoryData__Image__Leather_sheet_jpg____E___POM_for_Bottle__webapp_automation__TestData__InventoryData__Image__3D_LeatherImage_jpg____Frugal_Automation____50___Best____clean____Liquid____New_Type_Hide____cold_Touch__","Adding a new Leather into the List. "
"passed","Fri Sep 22 13:47:14 IST 2023","Fri Sep 22 13:47:53 IST 2023","38899","","Test_09_MemberManagement","TestMemberManagement","","","test_03_edit_member_4___TestUser_104____Inventory_Manager____userEdit_auto104___9800000039___Siliguri____Test_123____TestUser_Edited__04____STOREMANAGER___9800000104_","Verify the edits are reflecting correctly after editing."
"passed","Fri Sep 22 10:00:14 IST 2023","Fri Sep 22 10:00:31 IST 2023","17681","","Test_01_Login","TestLogin","","","test_login_with_empty_userid_fields_1__None___Test_103__","Login With Incorrect Username"
"passed","Fri Sep 22 14:13:50 IST 2023","Fri Sep 22 14:14:05 IST 2023","15671","","Test_12_ProductCategory","TestProductCategory","","","test_01_verify_landingProduct_Category_page",""
"passed","Fri Sep 22 13:42:13 IST 2023","Fri Sep 22 13:42:45 IST 2023","32418","","Test_09_MemberManagement","TestMemberManagement","","","test_02_create_new_member_2___UserTest_122____Product_Manager____user_testAuto122___9800000058___Siliguri____Test_123__","Verify Create New User."
"passed","Fri Sep 22 14:15:16 IST 2023","Fri Sep 22 14:15:29 IST 2023","13750","","Test_12_ProductCategory","TestProductCategory","","","test_02_add_new_product_category_5___E___POM_for_Bottle__webapp_automation_automation__TestData__ProductCategory__SampleImage__sampel_leather_2_jpg____Product_Cat_23__","To verify Add new Product Category. "
"passed","Fri Sep 22 12:33:21 IST 2023","Fri Sep 22 12:33:49 IST 2023","27336","","Test_06_Inventory","TestInventory","","","test_01_Add_newCategory_1___frugal_latido_com_np____Test_123____E___POM_for_Bottle__webapp_automation__TestData__InventoryData__Image__Leather_sheet_jpg____Leather_Sheet_03____LT_SH_003____This_is_from_an_automated_Script___for_Leather___01___1__None_","Create a new Category from Add button "
"passed","Fri Sep 22 12:34:12 IST 2023","Fri Sep 22 12:34:39 IST 2023","26524","","Test_06_Inventory","TestInventory","","","test_01_Add_newCategory_3___frugal_latido_com_np____Test_123____E___POM_for_Bottle__webapp_automation__TestData__InventoryData__Image__zip_jpg____Zip_003____Z_IT_003____This_is_from_an_automated_Script__02____0___Kilogram__","Create a new Category from Add button "
"passed","Fri Sep 22 09:58:52 IST 2023","Fri Sep 22 09:59:08 IST 2023","16891","","Test_01_Login","TestLogin","","","test_login_with_empty_password_fields_1___frugal_latido_com_np_______","Login With Incorrect Username"
"passed","Fri Sep 22 12:42:40 IST 2023","Fri Sep 22 12:43:25 IST 2023","45120","","Test_06_Inventory","TestInventory","","","test_03_restocking_item_4___frugal_latido_com_np____Test_123___0___Metal_Buckle_003____MB_IT_003____Tamang_Suppliers___2000___2023_09_08___10___Excellent____By_Truck____By_Cash____Rohit____E___POM_for_Bottle__webapp_automation__TestData__InventoryData__Image__Receipt_png__","Selecting a new Category and restocking the Items "
"passed","Fri Sep 22 13:06:22 IST 2023","Fri Sep 22 13:07:02 IST 2023","39734","","Test_07_Vendor","TestVendors","","","test_02_vendor_creation_3___frugal_latido_com_np____Test_123____E___POM_for_Bottle__webapp_automation__TestData__Vendor__Sample_Data_From_Bottle_Testing__Vendor__vendor3_jpg____AT_133____Auto_Vendor_133____vendor1_mail_com___9800001027___Auomator3____Siliguri____This_is_an_Automated_generated_descriptions____Tester_3____Siliguri___9800002012___test_mail_com__","Adding a new Vendor"
"passed","Fri Sep 22 10:01:05 IST 2023","Fri Sep 22 10:01:25 IST 2023","20126","","Test_01_Login","TestLogin","","","test_login_with_empty_userid_fields_4__None___Test_5263__","Login With Incorrect Username"
"passed","Fri Sep 22 13:19:11 IST 2023","Fri Sep 22 13:20:12 IST 2023","60796","","Test_07_Vendor","TestVendors","","","test_05_sync_vendor_3___frugal_latido_com_np____Test_123____E___POM_for_Bottle__webapp_automation__TestData__Vendor__Sample_Data_From_Bottle_Testing__Vendor__vendor3_jpg____TE_VE_IN_127____Del_Vendor_127____vendor1_mail_com___9800001022___Auomator3____Siliguri____This_is_an_Automated_generated_descriptions____Tester_3____Siliguri___9800002012___test_mail_com___0___Zip_003____Z_IT_003___2002___2023_05_21___10___Excellent____By_Truck____By_Cheque____Rohit____E___POM_for_Bottle__webapp_automation__TestData__InventoryData__Image__Receipt_png__","Checking Synchronization of a Vendor after creating a new one "
"passed","Fri Sep 22 12:02:09 IST 2023","Fri Sep 22 12:02:59 IST 2023","50673","","Test_03_Order","TestOrder","","","test_03_create_order_store_3___frugal_latido_com_np____Test_123____Lucha__male_____Mahogany_Antique____40____Silver____Black____No____40____General_Fit___8__7___35___11__5__9__12__46___8___5_6___Test_004___20000__1000___101013__","Create a New Order for store"
"passed","Fri Sep 22 13:13:25 IST 2023","Fri Sep 22 13:14:06 IST 2023","41365","","Test_07_Vendor","TestVendors","","","test_04_delete_vendor_1___frugal_latido_com_np____Test_123____E___POM_for_Bottle__webapp_automation__TestData__Vendor__Sample_Data_From_Bottle_Testing__Vendor__vendor1_jpg____AT_DEL_165____Delete_Vendor_165____vendor1_mail_com___9800001020___Auomator1____Siliguri____This_is_an_Automated_generated_descriptions____Tester_1____Siliguri___9800002010___test_mail_com__","Deleting a Vendor"
"passed","Fri Sep 22 12:43:27 IST 2023","Fri Sep 22 12:44:13 IST 2023","46179","","Test_06_Inventory","TestInventory","","","test_03_restocking_item_5___frugal_latido_com_np____Test_123___0___Button_003____BT_IT_003____Silver_Zipper_Supplier___2000___2023_09_08___10___Good____By_Truck____By_Cheque____Rohit____E___POM_for_Bottle__webapp_automation__TestData__InventoryData__Image__Receipt_png__","Selecting a new Category and restocking the Items "
"passed","Fri Sep 22 12:44:15 IST 2023","Fri Sep 22 12:45:00 IST 2023","45268","","Test_06_Inventory","TestInventory","","","test_03_restocking_item_6___frugal_latido_com_np____Test_123___0___D_Buckle_003____DB_IT_003____Tamang_Suppliers___2000___2023_09_08___10___Bad____By_Truck____By_Cash____Rohit____E___POM_for_Bottle__webapp_automation__TestData__InventoryData__Image__Receipt_png__","Selecting a new Category and restocking the Items "
"passed","Fri Sep 22 13:30:04 IST 2023","Fri Sep 22 13:30:55 IST 2023","50940","","Test_08_Reporting","TestReporting","","","test_01_new_entry_list_4__0___Metal_Buckle_003____MB_IT_003____Tamang_Suppliers___2000___2023_09_22___10___Excellent____By_Truck____By_Cash____Rohit____E___POM_for_Bottle__webapp_automation__TestData__InventoryData__Image__Receipt_png__","Check for new Entry"
"passed","Fri Sep 22 13:35:25 IST 2023","Fri Sep 22 13:36:17 IST 2023","51776","","Test_08_Reporting","TestReporting","","","test_02_new_entry_5__0___Button_003____BT_IT_003____Silver_Zipper_Supplier___2000___2023_09_22___10___Good____By_Truck____By_Cheque____Rohit____E___POM_for_Bottle__webapp_automation__TestData__InventoryData__Image__Receipt_png__","Check for View more Details"
"passed","Fri Sep 22 14:16:38 IST 2023","Fri Sep 22 14:17:01 IST 2023","22374","","Test_12_ProductCategory","TestProductCategory","","","test_03_edit_product_category_3___Product_Cat_21____Product_Cat_edit_21__","To verify edit Product Category. "
"passed","Fri Sep 22 12:17:26 IST 2023","Fri Sep 22 12:17:57 IST 2023","30982","","Test_03_Order","TestOrder","","","test_06_Search_functionality_3___frugal_latido_com_np____Test_123____221____Lucha__male_____Mahogany_Antique____Silver____Black____No__","Search and verify item"
"passed","Fri Sep 22 10:09:41 IST 2023","Fri Sep 22 10:10:07 IST 2023","26690","","Test_02_Dashboard","TestDashboard","","","test_dashboard_04_totalPending","Checking Total Pending Tiles"
"passed","Fri Sep 22 10:00:45 IST 2023","Fri Sep 22 10:01:03 IST 2023","18209","","Test_01_Login","TestLogin","","","test_login_with_empty_userid_fields_3__None___Test_3543__","Login With Incorrect Username"
"passed","Fri Sep 22 11:53:52 IST 2023","Fri Sep 22 11:54:45 IST 2023","53246","","Test_03_Order","TestOrder","","","test_01_create_order_customer_5___frugal_latido_com_np____Test_123____9813000000____female____Luigi__male_____Mahogany_Antique____41____Golden_Antique____Black____Yes____40___5_6__4_4__5__46__8__12__11__7__1__9___Comfort____Test_004____2023_09_29___100900_","Create an Order for existing Customer "
"passed","Fri Sep 22 12:39:31 IST 2023","Fri Sep 22 12:40:12 IST 2023","40358","","Test_06_Inventory","TestInventory","","","test_02_Add_newCategory_item_6___frugal_latido_com_np____Test_123____D_Buckle_003____DB_IT_003____IT_DB_00_03____IT_AT0015____Auto_Testing__06____Black____Performing_this_using_automation_scripts____30__50__0___E___POM_for_Bottle__webapp_automation__TestData__InventoryData__Image__D_Buckle_jpg___None___Frugal_Automation____50_","Selecting a new Category from Category Carousel "
"failed","Fri Sep 22 12:28:10 IST 2023","Fri Sep 22 12:28:29 IST 2023","19828","","Test_05_InventDashboard","TestInventDashboard","","","test_get_inventDash_details","Checking Dashboard data"
"passed","Fri Sep 22 13:12:30 IST 2023","Fri Sep 22 13:13:22 IST 2023","52236","","Test_07_Vendor","TestVendors","","","test_03_edit_vendor_5___frugal_latido_com_np____Test_123____E___POM_for_Bottle__webapp_automation__TestData__Vendor__Sample_Data_From_Bottle_Testing__Vendor__vendor2_jpg____AT_EDT_145____Auto_Vendor_edit_145____vendor1_mail_com___9800001025___Auomator5____Siliguri____This_is_an_Automated_generated_descriptions____Tester_5____Siliguri___9800002014___test_mail_com____Auto_Vendor_edited__05____vendor_edit01_mail_com___9800000204_","Editing a Vendor details"
"passed","Fri Sep 22 14:09:01 IST 2023","Fri Sep 22 14:09:18 IST 2023","16423","","Test_11_LeatherManagement","TestLeatherManagement","","","test_03_check_synchronization_2___LT_MG_28____good____Smooth____NewTest_add____New_Pasoori____Smooth___Touch__","verification of newly created Leather into the List. "
"passed","Fri Sep 22 13:04:38 IST 2023","Fri Sep 22 13:05:00 IST 2023","21530","","Test_07_Vendor","TestVendors","","","test_01_landing",""
"passed","Fri Sep 22 12:18:29 IST 2023","Fri Sep 22 12:18:57 IST 2023","28760","","Test_03_Order","TestOrder","","","test_06_Search_functionality_5___frugal_latido_com_np____Test_123____223____Luigi__male_____Mahogany_Antique____Golden_Antique____Black____Yes__","Search and verify item"
"passed","Fri Sep 22 12:23:56 IST 2023","Fri Sep 22 12:24:20 IST 2023","23990","","Test_04_TrackOrder","TestTrackOrder","","","test_check_input_1__1__False_","Checking Input in Track Order"
"passed","Fri Sep 22 14:22:38 IST 2023","Fri Sep 22 14:23:24 IST 2023","45887","","Test_12_ProductCategory","TestProductCategory","","","test_05_edit_product_subcategory_5___Product_Cat_edit_23____Product_Sub_category_23____Sub_category__Edit__23__","To verify edit Product Sub-category. "
"passed","Fri Sep 22 14:15:32 IST 2023","Fri Sep 22 14:15:48 IST 2023","16200","","Test_12_ProductCategory","TestProductCategory","","","test_02_add_new_product_category_6___E___POM_for_Bottle__webapp_automation_automation__TestData__ProductCategory__SampleImage__sampel_leather_3_jpg____Product_Cat_24__","To verify Add new Product Category. "
"passed","Fri Sep 22 13:55:05 IST 2023","Fri Sep 22 13:55:52 IST 2023","47354","","Test_09_MemberManagement","TestMemberManagement","","","test_05_login_newMember_4___UserTest_112____Inventory_Manager____user_logintest_auto112___9800000048___Siliguri____Test_123__","Check Loging after creating an user."
"passed","Fri Sep 22 11:50:03 IST 2023","Fri Sep 22 11:51:03 IST 2023","60359","","Test_03_Order","TestOrder","","","test_01_create_order_customer_1___frugal_latido_com_np____Test_123___9860838855___female____Ek__male_____Black_Sheep____38____Silver____Black____No____40___5_6__4_4__5__46__8__12__11__7__1__9___Fit____Test_001____2023_09_29___100900_","Create an Order for existing Customer "
"passed","Fri Sep 22 13:33:38 IST 2023","Fri Sep 22 13:34:29 IST 2023","51019","","Test_08_Reporting","TestReporting","","","test_02_new_entry_3__0___Zip_003____Z_IT_003____Mulchand___Sons___2000___2023_09_22___10___Bad____By_Truck____By_Cheque____Rohit____E___POM_for_Bottle__webapp_automation__TestData__InventoryData__Image__Receipt_png__","Check for View more Details"
"passed","Fri Sep 22 13:28:15 IST 2023","Fri Sep 22 13:29:06 IST 2023","51306","","Test_08_Reporting","TestReporting","","","test_01_new_entry_list_2__0___Zipper_003____ZP_IT_003____AKM_Leather___2000___2023_09_22___10___Good____By_Truck____By_Cash____Rohit____E___POM_for_Bottle__webapp_automation__TestData__InventoryData__Image__Receipt_png__","Check for new Entry"
"passed","Fri Sep 22 13:09:44 IST 2023","Fri Sep 22 13:10:37 IST 2023","52517","","Test_07_Vendor","TestVendors","","","test_03_edit_vendor_2___frugal_latido_com_np____Test_123____E___POM_for_Bottle__webapp_automation__TestData__Vendor__Sample_Data_From_Bottle_Testing__Vendor__vendor2_jpg____AT_EDT_142____Auto_Vendor_edit_142____vendor1_mail_com___9800001022___Auomator2____Siliguri____This_is_an_Automated_generated_descriptions____Tester_2____Siliguri___9800002011___test_mail_com____Auto_Vendor_edited__02____vendor_edit01_mail_com___9800000201_","Editing a Vendor details"
"passed","Fri Sep 22 12:40:14 IST 2023","Fri Sep 22 12:41:02 IST 2023","47919","","Test_06_Inventory","TestInventory","","","test_03_restocking_item_1___frugal_latido_com_np____Test_123___1___Leather_Sheet_03____LT_SH_003____YKK___2000___2023_09_08___10___Excellent____By_Truck____By_Cheque____Rohit____E___POM_for_Bottle__webapp_automation__TestData__InventoryData__Image__Receipt_png__","Selecting a new Category and restocking the Items "
"passed","Fri Sep 22 12:41:04 IST 2023","Fri Sep 22 12:41:48 IST 2023","43866","","Test_06_Inventory","TestInventory","","","test_03_restocking_item_2___frugal_latido_com_np____Test_123___0___Zipper_003____ZP_IT_003____AKM_Leather___2000___2023_09_08___10___Good____By_Truck____By_Cash____Rohit____E___POM_for_Bottle__webapp_automation__TestData__InventoryData__Image__Receipt_png__","Selecting a new Category and restocking the Items "
"passed","Fri Sep 22 12:15:14 IST 2023","Fri Sep 22 12:16:20 IST 2023","65680","","Test_03_Order","TestOrder","","","test_05_check_order_synchronization_for_Store_5___frugal_latido_com_np____Test_123____Luigi__male_____Mahogany_Antique____41____Golden_Antique____Black____Yes____40____Comfort___8__7___34___11__5__9__12__46___7___5_6___Test_003___20000__1000___101012__","Checking Order synchronization after creating a New Order for store"
"passed","Fri Sep 22 14:21:09 IST 2023","Fri Sep 22 14:21:36 IST 2023","27435","","Test_12_ProductCategory","TestProductCategory","","","test_05_edit_product_subcategory_2___Product_Cat_edit_20____Product_Sub_category_20____Sub_category__Edit__20__","To verify edit Product Sub-category. "
"passed","Fri Sep 22 13:27:20 IST 2023","Fri Sep 22 13:28:15 IST 2023","54645","","Test_08_Reporting","TestReporting","","","test_01_new_entry_list_1__1___Leather_Sheet_03____LT_SH_003____Mulchand___Sons___2000___2023_09_22___10___Excellent____By_Truck____By_Cheque____Rohit____E___POM_for_Bottle__webapp_automation__TestData__InventoryData__Image__Receipt_png__","Check for new Entry"
"passed","Fri Sep 22 13:46:33 IST 2023","Fri Sep 22 13:47:12 IST 2023","39296","","Test_09_MemberManagement","TestMemberManagement","","","test_03_edit_member_3___TestUser_103____Factory_Manager____userEdit_auto103___9800000038___Siliguri____Test_123____TestUser_Edited__03____PRODUCTMANAGER___9800000103_","Verify the edits are reflecting correctly after editing."
"passed","Fri Sep 22 13:45:07 IST 2023","Fri Sep 22 13:45:52 IST 2023","44132","","Test_09_MemberManagement","TestMemberManagement","","","test_03_edit_member_1___TestUser_101____Store_Manager____userEdit_auto101___9800000036___Siliguri____Test_123____TestUser_Edited__01____INVENTORYMANAGER___9800000101_","Verify the edits are reflecting correctly after editing."
"passed","Fri Sep 22 13:54:13 IST 2023","Fri Sep 22 13:55:03 IST 2023","49419","","Test_09_MemberManagement","TestMemberManagement","","","test_05_login_newMember_3___UserTest_111____Factory_Manager____user_logintest_auto111___9800000047___Siliguri____Test_123__","Check Loging after creating an user."
"passed","Fri Sep 22 13:29:09 IST 2023","Fri Sep 22 13:30:02 IST 2023","53070","","Test_08_Reporting","TestReporting","","","test_01_new_entry_list_3__0___Zip_003____Z_IT_003____Mulchand___Sons___2000___2023_09_22___10___Bad____By_Truck____By_Cheque____Rohit____E___POM_for_Bottle__webapp_automation__TestData__InventoryData__Image__Receipt_png__","Check for new Entry"
"passed","Fri Sep 22 12:16:22 IST 2023","Fri Sep 22 12:16:49 IST 2023","27632","","Test_03_Order","TestOrder","","","test_06_Search_functionality_1___frugal_latido_com_np____Test_123____226____Ek__male_____Black_Sheep____Silver____Black____No__","Search and verify item"
"passed","Fri Sep 22 12:41:50 IST 2023","Fri Sep 22 12:42:37 IST 2023","47441","","Test_06_Inventory","TestInventory","","","test_03_restocking_item_3___frugal_latido_com_np____Test_123___0___Zip_003____Z_IT_003____Mulchand___Sons___2000___2023_09_08___10___Bad____By_Truck____By_Cheque____Rohit____E___POM_for_Bottle__webapp_automation__TestData__InventoryData__Image__Receipt_png__","Selecting a new Category and restocking the Items "
"passed","Fri Sep 22 13:43:23 IST 2023","Fri Sep 22 13:43:59 IST 2023","36178","","Test_09_MemberManagement","TestMemberManagement","","","test_02_create_new_member_4___UserTest_124____Inventory_Manager____user_testAuto124___9800000060___Siliguri____Test_123__","Verify Create New User."
"passed","Fri Sep 22 12:34:41 IST 2023","Fri Sep 22 12:35:05 IST 2023","23804","","Test_06_Inventory","TestInventory","","","test_01_Add_newCategory_4___frugal_latido_com_np____Test_123____E___POM_for_Bottle__webapp_automation__TestData__InventoryData__Image__Metal_Buckle_jpg____Metal_Buckle_003____MB_IT_003____This_is_from_an_automated_Script__03____0___Litre__","Create a new Category from Add button "
"passed","Fri Sep 22 09:55:59 IST 2023","Fri Sep 22 09:56:21 IST 2023","21547","","Test_01_Login","TestLogin","","","test_LoginUnsuccessful_1___frugal_latido_com_np____Test_103__","Login Unsuccessfully"
"passed","Fri Sep 22 14:20:41 IST 2023","Fri Sep 22 14:21:07 IST 2023","25499","","Test_12_ProductCategory","TestProductCategory","","","test_05_edit_product_subcategory_1___Product_Cat_edit_19____Product_Sub_category_19____Sub_category__Edit__19__","To verify edit Product Sub-category. "
"passed","Fri Sep 22 12:01:16 IST 2023","Fri Sep 22 12:02:07 IST 2023","50684","","Test_03_Order","TestOrder","","","test_03_create_order_store_2___frugal_latido_com_np____Test_123____Exemplar__male_____Bronze_Mist_Antique____42____Golden_Antique____Black____Yes____40____Skin_Tight___8__7___34___11__5__9__12__46___7___5_6___Test_003___20000__1000___101012__","Create a New Order for store"
"passed","Fri Sep 22 10:11:02 IST 2023","Fri Sep 22 10:11:38 IST 2023","36472","","Test_02_Dashboard","TestDashboard","","","test_dashboard_07_sumoftotal_user","Checking Total user Active User Tiles"
"passed","Fri Sep 22 12:36:43 IST 2023","Fri Sep 22 12:37:22 IST 2023","39212","","Test_06_Inventory","TestInventory","","","test_02_Add_newCategory_item_2___frugal_latido_com_np____Test_123____Zipper_003____ZP_IT_003____IT_ZP_00_03____IT_AT0011____Auto_Testing__02____Black____Performing_this_using_automation_scripts____30__50__0___E___POM_for_Bottle__webapp_automation__TestData__InventoryData__Image__Zipper_jpg___None___Frugal_Automation____50_","Selecting a new Category from Category Carousel "
"passed","Fri Sep 22 13:31:50 IST 2023","Fri Sep 22 13:32:41 IST 2023","50660","","Test_08_Reporting","TestReporting","","","test_02_new_entry_1__1___Leather_Sheet_03____LT_SH_003____Mulchand___Sons___2000___2023_09_22___10___Excellent____By_Truck____By_Cheque____Rohit____E___POM_for_Bottle__webapp_automation__TestData__InventoryData__Image__Receipt_png__","Check for View more Details"
"passed","Fri Sep 22 14:14:23 IST 2023","Fri Sep 22 14:14:40 IST 2023","16404","","Test_12_ProductCategory","TestProductCategory","","","test_02_add_new_product_category_2___E___POM_for_Bottle__webapp_automation_automation__TestData__ProductCategory__SampleImage__sampel_leather_2_jpg____Product_Cat_20__","To verify Add new Product Category. "
"passed","Fri Sep 22 13:44:35 IST 2023","Fri Sep 22 13:45:05 IST 2023","30588","","Test_09_MemberManagement","TestMemberManagement","","","test_02_create_new_member_6___UserTest_126____Super_Admin____user_testAuto126___9800000062___Siliguri____Test_123__","Verify Create New User."
"passed","Fri Sep 22 12:08:18 IST 2023","Fri Sep 22 12:09:27 IST 2023","68921","","Test_03_Order","TestOrder","","","test_04_check_order_synchronization_for_Customer_4___frugal_latido_com_np____Test_123____9813000000____male____Luigi__male_____Pink_Foil____41____Golden_Antique____Black____Yes____40___5_6__4_4__5__46__8__12__11__7__1__9___Comfort____Test_004____2023_09_29___100900_","Checking Order synchronization after creating a new customer order "
"passed","Fri Sep 22 13:08:48 IST 2023","Fri Sep 22 13:09:42 IST 2023","54499","","Test_07_Vendor","TestVendors","","","test_03_edit_vendor_1___frugal_latido_com_np____Test_123____E___POM_for_Bottle__webapp_automation__TestData__Vendor__Sample_Data_From_Bottle_Testing__Vendor__vendor1_jpg____AT_EDT_141____Auto_Vendor_edit_141____vendor1_mail_com___9800001021___Auomator1____Siliguri____This_is_an_Automated_generated_descriptions____Tester_1____Siliguri___9800002010___test_mail_com____Auto_Vendor_edited__01____vendor_edit01_mail_com___9800000200_","Editing a Vendor details"
"passed","Fri Sep 22 12:10:39 IST 2023","Fri Sep 22 12:11:48 IST 2023","68373","","Test_03_Order","TestOrder","","","test_05_check_order_synchronization_for_Store_1___frugal_latido_com_np____Test_123____Ek__male_____Black_Sheep____38____Silver____Black____No____40____Fit___8__7___33___11__5__9__12__46___6___5_6___Test_002___20000__1000___101011__","Checking Order synchronization after creating a New Order for store"
"passed","Fri Sep 22 12:38:49 IST 2023","Fri Sep 22 12:39:29 IST 2023","40057","","Test_06_Inventory","TestInventory","","","test_02_Add_newCategory_item_5___frugal_latido_com_np____Test_123____Button_003____BT_IT_003____IT_BT_00_03____IT_AT0014____Auto_Testing__05____Black____Performing_this_using_automation_scripts____30__50__0___E___POM_for_Bottle__webapp_automation__TestData__InventoryData__Image__Buttons_jpg___None___Frugal_Automation____50_","Selecting a new Category from Category Carousel "
"passed","Fri Sep 22 12:28:30 IST 2023","Fri Sep 22 12:28:51 IST 2023","20993","","Test_05_InventDashboard","TestInventDashboard","","","test_get_inventDash_rp","Comparing Dashboard data with List data for Category"
"passed","Fri Sep 22 10:09:12 IST 2023","Fri Sep 22 10:09:39 IST 2023","26655","","Test_02_Dashboard","TestDashboard","","","test_dashboard_03_totalSales","Checking Total Sales Tiles"
"passed","Fri Sep 22 14:09:20 IST 2023","Fri Sep 22 14:09:34 IST 2023","13913","","Test_11_LeatherManagement","TestLeatherManagement","","","test_03_check_synchronization_3___LT_MG_29____Better____Black_Rough____Cold_Store____New_Pasoori____Pasoori_2__","verification of newly created Leather into the List. "
"passed","Fri Sep 22 13:16:50 IST 2023","Fri Sep 22 13:18:01 IST 2023","70795","","Test_07_Vendor","TestVendors","","","test_05_sync_vendor_1___frugal_latido_com_np____Test_123____E___POM_for_Bottle__webapp_automation__TestData__Vendor__Sample_Data_From_Bottle_Testing__Vendor__vendor1_jpg____TE_VE_IN_125____Del_Vendor_125____vendor1_mail_com___9800001020___Auomator1____Siliguri____This_is_an_Automated_generated_descriptions____Tester_1____Siliguri___9800002010___test_mail_com___1___Leather_Sheet_03____LT_SH_003___2000___2023_05_19___10___Excellent____By_Truck____By_Cheque____Rohit____E___POM_for_Bottle__webapp_automation__TestData__InventoryData__Image__Receipt_png__","Checking Synchronization of a Vendor after creating a new one "
"passed","Fri Sep 22 14:18:49 IST 2023","Fri Sep 22 14:19:16 IST 2023","27001","","Test_12_ProductCategory","TestProductCategory","","","test_04_add_product_subcategory_3___Product_Cat_edit_21____E___POM_for_Bottle__webapp_automation_automation__TestData__ProductCategory__SampleImage__sampel_leather_3_jpg____Product_Sub_category_21__","To verify Add new Product Sub-Category. "
"passed","Fri Sep 22 09:56:40 IST 2023","Fri Sep 22 09:57:07 IST 2023","27146","","Test_01_Login","TestLogin","","","test_LoginUnsuccessful_3___rohit13_latido_com_np____Test_1824__","Login Unsuccessfully"
"passed","Fri Sep 22 09:55:16 IST 2023","Fri Sep 22 09:55:31 IST 2023","15211","","Test_01_Login","TestLogin","","","test_LoginSuccessful_3___rohit13_latido_com_np____Test_123__","Login Successfully"
"passed","Fri Sep 22 12:13:00 IST 2023","Fri Sep 22 12:14:06 IST 2023","66683","","Test_03_Order","TestOrder","","","test_05_check_order_synchronization_for_Store_3___frugal_latido_com_np____Test_123____Lucha__male_____Mahogany_Antique____40____Silver____Black____No____40____General_Fit___8__7___35___11__5__9__12__46___8___5_6___Test_004___20000__1000___101013__","Checking Order synchronization after creating a New Order for store"
"passed","Fri Sep 22 13:14:50 IST 2023","Fri Sep 22 13:15:29 IST 2023","38557","","Test_07_Vendor","TestVendors","","","test_04_delete_vendor_3___frugal_latido_com_np____Test_123____E___POM_for_Bottle__webapp_automation__TestData__Vendor__Sample_Data_From_Bottle_Testing__Vendor__vendor3_jpg____AT_DEL_167____Delete_Vendor_167____vendor1_mail_com___9800001022___Auomator3____Siliguri____This_is_an_Automated_generated_descriptions____Tester_3____Siliguri___9800002012___test_mail_com__","Deleting a Vendor"
"passed","Fri Sep 22 12:54:13 IST 2023","Fri Sep 22 12:54:57 IST 2023","43952","","Test_06_Inventory","TestInventory","","","test_04_search_item_3___frugal_latido_com_np____Test_123____Zip_003__","Searching the Items from the search and adding a new Item to it"
"passed","Fri Sep 22 09:57:09 IST 2023","Fri Sep 22 09:57:27 IST 2023","17874","","Test_01_Login","TestLogin","","","test_LoginUnsuccessful_4___rohit13_latido_com_np____Test_124__","Login Unsuccessfully"
"passed","Fri Sep 22 09:58:08 IST 2023","Fri Sep 22 09:58:28 IST 2023","19583","","Test_01_Login","TestLogin","","","test_login_Unsuccessful_with_invalid_username_3___frugal_latido_com____Test_1824__","Login With Invalid Username"
"passed","Fri Sep 22 13:45:54 IST 2023","Fri Sep 22 13:46:31 IST 2023","36765","","Test_09_MemberManagement","TestMemberManagement","","","test_03_edit_member_2___TestUser_102____Product_Manager____userEdit_auto102___9800000037___Siliguri____Test_123____TestUser_Edited__02____FACTORYMANAGER___9800000102_","Verify the edits are reflecting correctly after editing."
"passed","Fri Sep 22 09:57:29 IST 2023","Fri Sep 22 09:57:44 IST 2023","15408","","Test_01_Login","TestLogin","","","test_login_Unsuccessful_with_invalid_username_1___frugal__latido_com_np____Test_103__","Login With Invalid Username"
"passed","Fri Sep 22 12:00:23 IST 2023","Fri Sep 22 12:01:14 IST 2023","50524","","Test_03_Order","TestOrder","","","test_03_create_order_store_1___frugal_latido_com_np____Test_123____Ek__male_____Black_Sheep____38____Silver____Black____No____40____Fit___8__7___33___11__5__9__12__46___6___5_6___Test_002___20000__1000___101011__","Create a New Order for store"
"passed","Fri Sep 22 13:14:08 IST 2023","Fri Sep 22 13:14:48 IST 2023","39450","","Test_07_Vendor","TestVendors","","","test_04_delete_vendor_2___frugal_latido_com_np____Test_123____E___POM_for_Bottle__webapp_automation__TestData__Vendor__Sample_Data_From_Bottle_Testing__Vendor__vendor2_jpg____AT_DEL_166____Delete_Vendor_166____vendor1_mail_com___9800001021___Auomator2____Siliguri____This_is_an_Automated_generated_descriptions____Tester_2____Siliguri___9800002011___test_mail_com__","Deleting a Vendor"
"passed","Fri Sep 22 09:55:33 IST 2023","Fri Sep 22 09:55:57 IST 2023","24067","","Test_01_Login","TestLogin","","","test_LoginSuccessful_4___rohit13_latido_com_np____Test_123__","Login Successfully"
"passed","Fri Sep 22 12:37:24 IST 2023","Fri Sep 22 12:38:05 IST 2023","40338","","Test_06_Inventory","TestInventory","","","test_02_Add_newCategory_item_3___frugal_latido_com_np____Test_123____Zip_003____Z_IT_003____IT_Z_00_03____IT_AT0012____Auto_Testing__03____Black____Performing_this_using_automation_scripts____30__50__0___E___POM_for_Bottle__webapp_automation__TestData__InventoryData__Image__zip_jpg___None___Frugal_Automation____50_","Selecting a new Category from Category Carousel "
"passed","Fri Sep 22 12:52:52 IST 2023","Fri Sep 22 12:53:30 IST 2023","38039","","Test_06_Inventory","TestInventory","","","test_04_search_item_1___frugal_latido_com_np____Test_123____Leather_Sheet_03__","Searching the Items from the search and adding a new Item to it"
"passed","Fri Sep 22 13:30:57 IST 2023","Fri Sep 22 13:31:48 IST 2023","50989","","Test_08_Reporting","TestReporting","","","test_01_new_entry_list_5__0___Button_003____BT_IT_003____Silver_Zipper_Supplier___2000___2023_09_22___10___Good____By_Truck____By_Cheque____Rohit____E___POM_for_Bottle__webapp_automation__TestData__InventoryData__Image__Receipt_png__","Check for new Entry"
"passed","Fri Sep 22 14:07:30 IST 2023","Fri Sep 22 14:08:39 IST 2023","69422","","Test_11_LeatherManagement","TestLeatherManagement","","","test_02_add_new_Leather_5___E___POM_for_Bottle__webapp_automation__TestData__InventoryData__Image__Leather_sheet_jpg____Leather_Management_31____LT_MG_31____This_is_from_an_automated_Script___for_Leather___26___1__None___T0_LT_MG_31____AT_LT_MG_31____Auto_Testing__31____Black____Performing_this_using_automation_scripts____1__1__1___E___POM_for_Bottle__webapp_automation__TestData__InventoryData__Image__Leather_sheet_jpg____E___POM_for_Bottle__webapp_automation__TestData__InventoryData__Image__3D_LeatherImage_jpg____Frugal_Automation____51___Best____clean____Liquid____New_Type_Hide____cold_Touch__","Adding a new Leather into the List. "
"passed","Fri Sep 22 12:38:07 IST 2023","Fri Sep 22 12:38:47 IST 2023","40204","","Test_06_Inventory","TestInventory","","","test_02_Add_newCategory_item_4___frugal_latido_com_np____Test_123____Metal_Buckle_003____MB_IT_003____IT_MB_00_03____IT_AT0013____Auto_Testing__04____Black____Performing_this_using_automation_scripts____30__50__0___E___POM_for_Bottle__webapp_automation__TestData__InventoryData__Image__Metal_Buckle_jpg___None___Frugal_Automation____50_","Selecting a new Category from Category Carousel "
"passed","Fri Sep 22 12:11:50 IST 2023","Fri Sep 22 12:12:57 IST 2023","67424","","Test_03_Order","TestOrder","","","test_05_check_order_synchronization_for_Store_2___frugal_latido_com_np____Test_123____Exemplar__male_____Bronze_Mist_Antique____42____Golden_Antique____Black____Yes____40____Skin_Tight___8__7___34___11__5__9__12__46___7___5_6___Test_003___20000__1000___101012__","Checking Order synchronization after creating a New Order for store"
"passed","Fri Sep 22 12:28:53 IST 2023","Fri Sep 22 12:29:13 IST 2023","19964","","Test_05_InventDashboard","TestInventDashboard","","","test_get_vendor_rpt","Comparing Dashboard data with List data for Vendors"
"passed","Fri Sep 22 13:51:01 IST 2023","Fri Sep 22 13:51:41 IST 2023","39658","","Test_09_MemberManagement","TestMemberManagement","","","test_04_reset_password_4___TestUser_103____Inventory_Manager____userPass_auto103___9800000038___Siliguri____Test_123____Changed_123__","Reset Password a user password after creation."
"passed","Fri Sep 22 09:59:52 IST 2023","Fri Sep 22 10:00:12 IST 2023","19580","","Test_01_Login","TestLogin","","","test_login_with_empty_password_fields_4___rohit13_latido_com_np___None_","Login With Incorrect Username"
"passed","Fri Sep 22 09:58:30 IST 2023","Fri Sep 22 09:58:49 IST 2023","19411","","Test_01_Login","TestLogin","","","test_login_Unsuccessful_with_invalid_username_4___f_rugallatido_com_np____Test_1825__","Login With Invalid Username"
"passed","Fri Sep 22 14:18:22 IST 2023","Fri Sep 22 14:18:47 IST 2023","24749","","Test_12_ProductCategory","TestProductCategory","","","test_04_add_product_subcategory_2___Product_Cat_edit_20____E___POM_for_Bottle__webapp_automation_automation__TestData__ProductCategory__SampleImage__sampel_leather_2_jpg____Product_Sub_category_20__","To verify Add new Product Sub-Category. "
"passed","Fri Sep 22 14:05:04 IST 2023","Fri Sep 22 14:06:15 IST 2023","70723","","Test_11_LeatherManagement","TestLeatherManagement","","","test_02_add_new_Leather_3___E___POM_for_Bottle__webapp_automation__TestData__InventoryData__Image__Leather_sheet_jpg____Leather_Management_29____LT_MG_29____This_is_from_an_automated_Script___for_Leather___24___1__None___T0_LT_MG_29____AT_LT_MG_29____Auto_Testing__29____Black____Performing_this_using_automation_scripts____1__1__1___E___POM_for_Bottle__webapp_automation__TestData__InventoryData__Image__Leather_sheet_jpg____E___POM_for_Bottle__webapp_automation__TestData__InventoryData__Image__3D_LeatherImage_jpg____Frugal_Automation____50___Better____Black_Rough____Cold_Store____New_Pasoori____Pasoori_2__","Adding a new Leather into the List. "
"passed","Fri Sep 22 13:53:23 IST 2023","Fri Sep 22 13:54:11 IST 2023","47741","","Test_09_MemberManagement","TestMemberManagement","","","test_05_login_newMember_2___UserTest_110____Product_Manager____user_logintest_auto110___9800000046___Siliguri____Test_123__","Check Loging after creating an user."
"passed","Fri Sep 22 12:24:40 IST 2023","Fri Sep 22 12:24:57 IST 2023","16992","","Test_04_TrackOrder","TestTrackOrder","","","test_check_input_3__25__False_","Checking Input in Track Order"
"passed","Fri Sep 22 13:20:14 IST 2023","Fri Sep 22 13:21:22 IST 2023","67786","","Test_07_Vendor","TestVendors","","","test_05_sync_vendor_4___frugal_latido_com_np____Test_123____E___POM_for_Bottle__webapp_automation__TestData__Vendor__Sample_Data_From_Bottle_Testing__Vendor__vendor1_jpg____TE_VE_IN_128____Del_Vendor_128____vendor1_mail_com___9800001023___Auomator4____Siliguri____This_is_an_Automated_generated_descriptions____Tester_4____Siliguri___9800002013___test_mail_com___0___Metal_Buckle_003____MB_IT_003___2003___2023_05_22___10___Excellent____By_Truck____By_Cash____Rohit____E___POM_for_Bottle__webapp_automation__TestData__InventoryData__Image__Receipt_png__","Checking Synchronization of a Vendor after creating a new one "
"passed","Fri Sep 22 13:47:55 IST 2023","Fri Sep 22 13:48:35 IST 2023","39228","","Test_09_MemberManagement","TestMemberManagement","","","test_03_edit_member_5___TestUser_105____Order_Manager____userEdit_auto105___9800000040___Siliguri____Test_123____TestUser_Edited__05____SUPERADMIN___9800000105_","Verify the edits are reflecting correctly after editing."
"passed","Fri Sep 22 09:59:32 IST 2023","Fri Sep 22 09:59:50 IST 2023","17900","","Test_01_Login","TestLogin","","","test_login_with_empty_password_fields_3___rohit13_latido_com_np___None_","Login With Incorrect Username"
"passed","Fri Sep 22 13:36:19 IST 2023","Fri Sep 22 13:36:41 IST 2023","21497","","Test_08_Reporting","TestReporting","","","test_landing","Verify Landing on Reporting Page."
